ASIN,MRP,aplus_images,aplus_text,brand,bullets,description,image_links,price,ratings,ratings_count,title,url,video_links,title_brand_present,title_sentence_case,title_spellcheck,title_Corrected_text,final_title_check_flag,description_special_chr_check,description_char_constrained_2000,description_multiline_check,description_spellcheck,description_Corrected_text,final_description_check_flag,bullets_special_chr_check,bullets_number_check,bullets_first_capital_check,bullets_spellcheck,bullets_Corrected_text,final_bullet_point_check_flag,Grade1,final_entire_spellcheck,final_dimensionality_check,final_sentence_case_check,Grade2
B07Q1GBL9K,NA,"https://images-na.ssl-images-amazon.com/images/G/01/x-locale/common/grey-pixel.gif,https://m.media-amazon.com/images/S/aplus-media-library-service-media/fc05e872-6e52-4f09-949f-eeca604b4c1f.__CR0,0,4850,1500_PT0_SX970_V1___.jpg,https://images-na.ssl-images-amazon.com/images/G/01/x-locale/common/grey-pixel.gif,https://m.media-amazon.com/images/S/aplus-media-library-service-media/03affb12-815e-46c3-8f7e-dab61176a190.__CR0,0,4850,1500_PT0_SX970_V1___.jpg,https://images-na.ssl-images-amazon.com/images/G/01/x-locale/common/grey-pixel.gif,https://m.media-amazon.com/images/S/aplus-media-library-service-media/b54a62d9-af79-4519-b6b8-a303275b6b14.__CR0,0,4850,1500_PT0_SX970_V1___.jpg,https://images-na.ssl-images-amazon.com/images/G/01/x-locale/common/grey-pixel.gif,https://m.media-amazon.com/images/S/aplus-media-library-service-media/c259ba1a-5a61-40bd-8590-c1d051a568fb.__CR0,0,4850,1500_PT0_SX970_V1___.jpg,https://images-na.ssl-images-amazon.com/images/G/01/x-locale/common/grey-pixel.gif,https://m.media-amazon.com/images/S/aplus-media-library-service-media/3b3051a3-ff79-4e7d-93af-35c5ec2c0347.__CR0,0,4850,1500_PT0_SX970_V1___.jpg",NA,NA," 72 HOURS MOISTURIZATION, REDUCES STRETCH MARKS, HEALS DRY SKIN: Glide on the Choco Body Butter on your skin and leave it intensely moisturized. This rich buttery blend is non-sticky and fast-absorbing and leaves the skin smooth and tempting to touch .With a chocolatey aroma that sets up the mood, the Choco Body Butter is all you need for your skin.  
, CREAMY COCOA BUTTER AT THE CORE: The Choco Body Butter is all about an indulging experience and the heart of it is the Cocoa Butter. Known for its numerous benefits for skin, Cocoa Butter moisturizes and nourishes the skin. It also relieves the scars and stretch marks.; JUST GOOD, NOTHING BAD: Our mission is to get you addicted to good and get you off of all the bad. Choco Body Butter is free from harmful chemicals, SLS, Paraben, Mineral Oil and everything that can be bad for your skin.  
, SATISFY YOUR SKIN'S CRAVINGS FOR GOOD: Nothing good is ever enough and you and your skin deserves more of it. So, while you indulge in the deeply moisturizing Choco Body Butter, you can also try the Choco Face Mask, and the Choco Body Lotion. All are equally irresistible just like the Choco Body Butter.  
, GOOD FOR YOU, GOOD FOR THE PLANET: mCaffeine is India's first caffeinated personal care brand focussed on getting you addicted to the good of coffee-infused self-care. Our products are gender-neutral and suitable for all skin & hair types making them ideal for anyone who wishes to enhance their personal care regimen. We are a 100% Vegan, PETA Certified, and Cruelty-free brand with Zero Plastic Footprint.  
, Target Gender: Unisex  
",NA,"https://m.media-amazon.com/images/I/41O2Jpv+sJL.jpg,https://m.media-amazon.com/images/I/51fD6OxR7QL.jpg,https://m.media-amazon.com/images/I/41MQQWyLaRL.jpg,https://m.media-amazon.com/images/I/41a52wzR5TL.jpg,https://m.media-amazon.com/images/I/41YtWQQjizL.jpg,https://m.media-amazon.com/images/I/41fzAMH8AyL.jpg,https://m.media-amazon.com/images/I/413mRMkItCL.jpg",NA,4.3,"3,449 global ratings",Mcaffeine Body Butter For Dry Skin For Women & Men (250Gm) | Shea Butter Moisturizer With Cocoa Butter & Caffeine | Body Cream For 72Hrs Moisturization | Non-Sticky For All Skin Types,https://www.amazon.in/dp/B07Q1GBL9K,NA,0,1,0,"[[{'start': 52, 'text': '250Gm', 'correct': '250 Gm', 'definition': None}, {'start': 0, 'text': 'Mcaffeine', 'correct': 'Caffeine', 'definition': None}]]",0,1,1,0,1,[[]],0,0,1,1,0,"[[], [{'start': 6, 'text': 'rich buttery', 'correct': 'rich, buttery', 'definition': 'Accept comma addition'}], [], [], [], [], [], [], [{'start': 1, 'text': 'Choco Body Butter', 'correct': 'The Cocoa Body Butter', 'definition': None}], [], [], [], [{'start': 17, 'text': 'irresistible just', 'correct': 'irresistible, just', 'definition': 'Accept comma addition'}], [], [{'start': 139, 'text': 'of', 'correct': '', 'definition': None}, {'start': 35, 'text': 'mCaffeine', 'correct': 'caffeine', 'definition': 'a bitter alkaloid found in coffee and tea that is responsible for their stimulating effects'}], [], [], [], []]",0,C,0,0,1,C
B07K4JWGV9,NA,"https://images-na.ssl-images-amazon.com/images/G/01/x-locale/common/grey-pixel.gif,https://m.media-amazon.com/images/S/aplus-media-library-service-media/8c21bf95-f5d1-434c-a7b5-74fb708f667f.__CR0,0,970,300_PT0_SX970_V1___.jpg,https://images-na.ssl-images-amazon.com/images/G/01/x-locale/common/grey-pixel.gif,https://m.media-amazon.com/images/S/aplus-media-library-service-media/08177b7a-fbdd-42e5-8ad7-2d1da57f4340.__CR0,0,300,400_PT0_SX300_V1___.jpg,https://images-na.ssl-images-amazon.com/images/G/01/x-locale/common/grey-pixel.gif,https://m.media-amazon.com/images/S/aplus-media-library-service-media/21a9c1b2-0430-44e0-9041-e81b2dce76b0.__CR0,0,350,175_PT0_SX350_V1___.jpg,https://images-na.ssl-images-amazon.com/images/G/01/x-locale/common/grey-pixel.gif,https://m.media-amazon.com/images/S/aplus-media-library-service-media/1dbdb4d4-a34c-463c-8fa5-8d9022950016.__CR0,0,300,300_PT0_SX220_V1___.png,https://images-na.ssl-images-amazon.com/images/G/01/x-locale/common/grey-pixel.gif,https://m.media-amazon.com/images/S/aplus-media-library-service-media/7c05237c-bfb3-45b6-bcb2-d6bd19bae8ee.__CR0,0,300,300_PT0_SX220_V1___.png,https://images-na.ssl-images-amazon.com/images/G/01/x-locale/common/grey-pixel.gif,https://m.media-amazon.com/images/S/aplus-media-library-service-media/2bffac33-46cd-49bd-a215-2aa3aa3207cf.__CR0,0,300,300_PT0_SX220_V1___.png,https://images-na.ssl-images-amazon.com/images/G/01/x-locale/common/grey-pixel.gif,https://m.media-amazon.com/images/S/aplus-media-library-service-media/1afe2558-1c9c-4d25-bc2a-a0157144b312.__CR0,0,300,300_PT0_SX220_V1___.png,https://images-na.ssl-images-amazon.com/images/G/01/x-locale/common/grey-pixel.gif,https://m.media-amazon.com/images/S/aplus-media-library-service-media/2ae86bb3-cb68-4b2b-9dc4-f2e724216c57.__CR0,0,300,300_PT0_SX220_V1___.png,https://images-na.ssl-images-amazon.com/images/G/01/x-locale/common/grey-pixel.gif,https://m.media-amazon.com/images/S/aplus-media-library-service-media/b18f6dc3-4492-450f-8ce7-e72724221723.__CR0,0,300,300_PT0_SX220_V1___.png,https://m.media-amazon.com/images/S/aplus-media-library-service-media/4d7507bf-1c3b-4a6d-9382-3818bfae8ff1.__CR0,0,150,300_PT0_SX150_V1___.jpg,https://m.media-amazon.com/images/S/aplus-media-library-service-media/77050962-3e7b-4415-8f22-c11d73a4ee55.__CR0,0,150,300_PT0_SX150_V1___.jpg,https://m.media-amazon.com/images/S/aplus-media-library-service-media/cdc8935a-32d8-4bb0-9075-16bf85657a28.__CR0,0,150,300_PT0_SX150_V1___.jpg","It also makes your skin soft and smooth. Suitable for all skin types, this Coffee Face Scrub is extremely easy to use. Apply it on clean, damp face and spread it to the neck then gently scrub in circular motions for one minute, wash off with cold water, and you are done. Also, focus on T-Zone areas such as the forehead and nose while using the scrub. Coffee Face Scrub is an ideal face scrub for men and women and it exudes heavenly aroma of Coffee that awakens your senses.Coffee and Walnut exfoliate your skin, leaving it fresh & glowing. Walnut also polishes and smooths the skin. Argan Oil moisturizes and nourishes the skin. Vitamin E makes the skin soft & supple and improves skin elasticity. Hibiscus tones and firms the skin.Exfoliates, removes tan and blackheads. Gives fresh & glowing skin.Makes the skin soft & supple and improves its elasticity.Exfoliates, polishes and smooths the skin.Scrubbing your face once or twice a week removes dead cells and blackheads. It also contributes to the overall health & freshness of the skin. The mCaffeine Coffee Face Scrub is rich in Caffeine and contains Walnuts to gently exfoliate and polish your skin. Besides being one of the best face scrubs for blackheads, it also removes tan, improves blood circulation and nourishes the skin.Scrubbing the face every day can lead to over-exfoliation and can cause redness by harming the skin’s external barrier. We recommend using the mCaffeine Naked & Raw Coffee Face Scrub only once or twice a week as directed. Suitable for all skin types, it is also a gentle face scrub for acne or sensitive skin.Facial skin and body skin are different from each other. Facial skin is gentler as compared to body skin. Face scrub & body scrub are crafted keeping in mind the requirements of face & body. They shouldn’t be used interchangeably, as doing so would be ineffective.The Coffee Face Scrub is for everyone as it is ideal for both men & women and suits all skin types.How is the Coffee Face Scrub different from homemade face scrub? One of the biggest differences between Coffee Face Scrub & homemade face scrub is that the former allows fuss-free application. Apart from that, Coffee Face Scrub is much more effective as it contains perfectly-sized particles of Coffee & Walnut that are great for exfoliation & tan removal.The mCaffeine Raw Coffee Face Scrub does not damage your skin as it is a gentle exfoliator and is one of the best face scrubs in India. Rich in Caffeine, Coffee tones and polishes your skin, and is great for tan & blackheads removal. It is strongly recommended to use the face scrub only once or twice a week as directed for the best results.",NA," REMOVES TAN & BLACKHEADS, EXFOLIATES: Energizing Coffee exfoliation for fresh & glowing skin! Coffee Face Scrub has fine-sized Coffee & Walnut particles to get rid of dead skin, impurities and tan. It is an ideal face scrub for oily skin and all other skin types. This tan removal scrub exudes the aroma of Pure Arabica Coffee that will leave you craving for more. This scrub is the best face scrub for men & women.  
, SUPERFOOD COFFEE AT THE CORE: You can't get enough of Coffee and your skin can't too. It has numerous benefits with which the Coffee Face Scrub is loaded. Coffee exfoliates the skin and removes tan & blackheads to leave you with fresh & glowing skin. It is also a natural source of Caffeine and rich in antioxidants.  
, JUST GOOD, NOTHING BAD: Our mission is to get you addicted to good and get you off all the bad. Coffee Face Scrub is free from harmful chemicals, SLS, Paraben, Mineral Oil, and everything that can be bad for your skin.  
, SATISFY YOUR SKIN'S COFFEE CRAVINGS: Coffee is never enough and can never be. So, after using the Coffee Face Scrub, if your skin craves for more, you should definitely try the Anti-Pollution Kit. This combo is equally good and has everything you need for an energizing face care routine.  
, GOOD FOR YOU, GOOD FOR THE PLANET: mCaffeine is India's first caffeinated personal care brand focused on getting you Addicted to Good. Our products are gender-neutral and suitable for all skin & hair types, making them ideal for anyone who wishes to enhance their personal care regimen. We are a 100% Vegan, PETA Certified, and Cruelty-free brand with Zero Plastic Footprint.  
",NA,"https://m.media-amazon.com/images/I/31yvD6RPrHL.jpg,https://m.media-amazon.com/images/I/51wEJkRiBiL.jpg,https://m.media-amazon.com/images/I/41GfgOCJ6YL.jpg,https://m.media-amazon.com/images/I/51zRXCNDx5L.jpg,https://m.media-amazon.com/images/I/51YF-MNzfRL.jpg,https://m.media-amazon.com/images/I/51201fzvcbL.jpg,https://m.media-amazon.com/images/I/4175qBKDhwL.jpg",NA,4.2,"12,919 global ratings","mCaffeine Coffee Tan Removal Face Scrub (100gm) | Exfoliate Scrub | Blackhead Remover, Whitehead Remover, Dead Skin Remover, Detan Pack | Caffeine & Walnut Scrub for Face | Face Scrub For Women & Men",https://www.amazon.in/dp/B07K4JWGV9,NA,0,0,0,"[[{'start': 41, 'text': '100gm', 'correct': '100 gm', 'definition': None}, {'start': 0, 'text': 'mCaffeine', 'correct': 'Caffeine', 'definition': None}]]",0,1,1,0,1,[[]],0,0,1,1,0,"[[], [], [{'start': 16, 'text': 'face', 'correct': 'facial', 'definition': None}], [{'start': 10, 'text': 'removal scrub', 'correct': 'removal, scrub', 'definition': 'Accept comma addition'}], [], [], [], [], [], [], [], [], [], [{'start': 35, 'text': 'mCaffeine', 'correct': 'caffeine', 'definition': 'a bitter alkaloid found in coffee and tea that is responsible for their stimulating effects'}], [], [], []]",0,C,0,0,0,C
B082D6G88C,NA,"https://images-na.ssl-images-amazon.com/images/G/01/x-locale/common/grey-pixel.gif,https://m.media-amazon.com/images/S/aplus-media-library-service-media/53fc252f-6b74-4cca-9164-d0654ba8f89d.__CR0,0,970,300_PT0_SX970_V1___.jpg,https://images-na.ssl-images-amazon.com/images/G/01/x-locale/common/grey-pixel.gif,https://m.media-amazon.com/images/S/aplus-media-library-service-media/be11d469-c326-43e7-90c8-4bb3c64a521d.__CR0,0,970,300_PT0_SX970_V1___.jpg,https://images-na.ssl-images-amazon.com/images/G/01/x-locale/common/grey-pixel.gif,https://m.media-amazon.com/images/S/aplus-media-library-service-media/da0d52a2-73c4-4bed-b1fa-169b4a1e8b14.__CR0,0,970,300_PT0_SX970_V1___.jpg,https://images-na.ssl-images-amazon.com/images/G/01/x-locale/common/grey-pixel.gif,https://m.media-amazon.com/images/S/aplus-media-library-service-media/478e74b5-7c65-430e-aeba-243874ee6414.__CR0,0,970,300_PT0_SX970_V1___.jpg",NA,NA," 94% REDUCTION IN DARK CIRCLES, HYDRATES, RECOVERS SUN DAMAGE: Coffee for the eyes that express and impress. Coffee Under Eye Cream packed with Coffee and White Water Lily comes with a eye roller that helps you roll away dark circles. With a lightweight, creamy texture that absorbs quickly in the skin, this cream is all your under-eyes crave for.  
, SUPERFOOD COFFEE AT THE CORE: For us Coffee is not just a beverage, it's the secret to healthy skin. Coffee has plethora of benefits and we ensure you reap those when using our products. It is rich in antioxidants that fight free radicals and keep fines lines and wrinkles at bay. Coffee also relieves dark circles. It is a natural source of Caffeine that reduces puffiness and soothes the skin.  
, JUST GOOD, NOTHING BAD: Our mission is to get you addicted to good and get you off of all the bad. Coffee Under Eye Cream is free from harmful chemicals, SLS, Paraben, Mineral Oil and everything that can be bad for your skin.  
, SATISFY YOUR SKIN'S COFFEE CRAVINGS: Coffee is never enough and can never be. So, while using the Coffee Under Eye Cream, if your skin craves more Coffee then you can always reach out to Coffee Face Moisturizer and Coffee Face Mask, all are equally caffeinating and indulging.  
, GOOD FOR YOU, GOOD FOR THE PLANET: mCaffeine is India's first caffeinated personal care brand focussed on getting you addicted to the good of coffee-infused self-care. Our products are gender-neutral and suitable for all skin & hair types making them ideal for anyone who wishes to enhance their personal care regimen. We are a 100% Vegan, PETA Certified, and Cruelty-free brand with Zero Plastic Footprint.  
",NA,"https://m.media-amazon.com/images/I/31Am9HTc-yL.jpg,https://m.media-amazon.com/images/I/51u9s2Klz+L.jpg,https://m.media-amazon.com/images/I/41LsqfOJq6L.jpg,https://m.media-amazon.com/images/I/311Z7dF4DrL.jpg,https://m.media-amazon.com/images/I/41jXEb38rhL.jpg,https://m.media-amazon.com/images/I/41AGv1vnUTL.jpg,https://m.media-amazon.com/images/I/41UTOGRUp+L.jpg",NA,3.9,"2,000 global ratings","Mcaffeine Coffee Under Eye Cream For Dark Circles For Women & Men With Free Eye Roller | 94% Reduction In Dark Circles, Reduces Puffiness & Fine Lines | With Vitamin E & Hyaluronic Acid | 30Ml",https://www.amazon.in/dp/B082D6G88C,NA,0,1,0,"[[{'start': 0, 'text': 'Mcaffeine', 'correct': 'Caffeine', 'definition': None}]]",0,1,1,0,1,[[]],0,0,1,1,0,"[[], [{'start': 75, 'text': 'a', 'correct': 'an', 'definition': None}], [{'start': 57, 'text': 'in', 'correct': 'into', 'definition': None}], [], [], [{'start': 12, 'text': 'plethora', 'correct': 'a plethora', 'definition': None}], [{'start': 62, 'text': 'fines', 'correct': 'fine', 'definition': None}], [], [], [], [], [], [{'start': 139, 'text': 'of', 'correct': '', 'definition': None}, {'start': 35, 'text': 'mCaffeine', 'correct': 'caffeine', 'definition': 'a bitter alkaloid found in coffee and tea that is responsible for their stimulating effects'}], [], [], []]",0,C,0,0,1,C
B07PY6QB7N,NA,"https://images-na.ssl-images-amazon.com/images/G/01/x-locale/common/grey-pixel.gif,https://m.media-amazon.com/images/S/aplus-media-library-service-media/161582e9-554b-4295-acb2-b22f1ed6861e.__CR0,0,970,300_PT0_SX970_V1___.jpg,https://images-na.ssl-images-amazon.com/images/G/01/x-locale/common/grey-pixel.gif,https://m.media-amazon.com/images/S/aplus-media-library-service-media/0df11473-eb02-4ef1-9603-27033b9b57b3.__CR0,0,4850,1500_PT0_SX970_V1___.jpg,https://images-na.ssl-images-amazon.com/images/G/01/x-locale/common/grey-pixel.gif,https://m.media-amazon.com/images/S/aplus-media-library-service-media/63523ed7-034e-4622-890c-ca1c122ecce5.__CR0,0,4850,1500_PT0_SX970_V1___.jpg,https://images-na.ssl-images-amazon.com/images/G/01/x-locale/common/grey-pixel.gif,https://m.media-amazon.com/images/S/aplus-media-library-service-media/4cab67ae-8a14-4786-8a32-9032e43d544c.__CR0,0,970,300_PT0_SX970_V1___.jpg,https://images-na.ssl-images-amazon.com/images/G/01/x-locale/common/grey-pixel.gif,https://m.media-amazon.com/images/S/aplus-media-library-service-media/a12c7e70-d472-4e64-a7eb-42f7c8e6b39a.__CR0,0,4850,1500_PT0_SX970_V1___.jpg",NA,NA," CLEANSES PORES, REMOVES EXCESS OIL, REMOVES TAN: A creamy clay-based Coffee Face Mask to help your skin unwind. Packed with Pure Arabica Coffee and Argan Oil, it's an irresistible Coffee session that your skin will never get enough of. It also exudes mood-lifting aroma of Coffee which is deeply comforting.  
, SUPERFOOD COFFEE AT THE CORE: For us Coffee is not just a beverage, it's the secret of healthy skin. Coffee has a plethora of benefits and we ensure you reap those while using our products. Coffee removes tan and fights free radicals.  
, JUST GOOD, NOTHING BAD: Our mission is to get you addicted to good and get you off of all the bad. Coffee Face Mask is free from harmful chemicals, SLS, Paraben, Mineral Oil and everything that can be bad for your skin.  
, SATISFY YOUR SKIN'S COFFEE CRAVINGS: Coffee is never enough and can never be. So, while using the Coffee Face Mask, if your skin craves more Coffee then you can always reach out to Coffee Face Wash and Coffee Face Moisturizer, all are equally caffeinating and indulging.  
, GOOD FOR YOU, GOOD FOR THE PLANET: mCaffeine is India's first caffeinated personal care brand focussed on getting you addicted to the good of coffee-infused self-care. Our products are gender-neutral and suitable for all skin & hair types making them ideal for anyone who wishes to enhance their personal care regimen. We are a 100% Vegan, PETA Certified, and Cruelty-free brand with Zero Plastic Footprint.  
",NA,"https://m.media-amazon.com/images/I/41gKTiQWvkL.jpg,https://m.media-amazon.com/images/I/51z4-eF-GHL.jpg,https://m.media-amazon.com/images/I/61r-vWuTjNL.jpg,https://m.media-amazon.com/images/I/41Hn9r5cesL.jpg,https://m.media-amazon.com/images/I/51GN-jT7BHL.jpg,https://m.media-amazon.com/images/I/41FFVSH-zgL.jpg,https://m.media-amazon.com/images/I/41lgLAaCpFL.jpg",NA,4.1,"3,604 global ratings","Mcaffeine Coffee De Tan Face Pack Mask With Kaolin Clay, Multani Mitti & Bentonite Clay | Removes Tan, Cleanses Pores & Controls Excess Oil | For All Skin Types (100Gm)",https://www.amazon.in/dp/B07PY6QB7N,NA,0,1,0,"[[{'start': 162, 'text': '100Gm', 'correct': '100 Gm', 'definition': None}, {'start': 0, 'text': 'Mcaffeine', 'correct': 'Caffeine', 'definition': None}]]",0,1,1,0,1,[[]],0,0,1,1,0,"[[], [], [{'start': 16, 'text': 'mood-lifting aroma', 'correct': 'mood - lifting aromas', 'definition': None}], [], [{'start': 205, 'text': 'tan', 'correct': 'the tan', 'definition': None}], [], [], [{'start': 139, 'text': 'of', 'correct': '', 'definition': None}, {'start': 35, 'text': 'mCaffeine', 'correct': 'caffeine', 'definition': 'a bitter alkaloid found in coffee and tea that is responsible for their stimulating effects'}], [], [], []]",0,C,0,0,1,C
B07YL51LP7,NA,"https://images-na.ssl-images-amazon.com/images/G/01/x-locale/common/grey-pixel.gif,https://m.media-amazon.com/images/S/aplus-media/sc/b9ec3c32-ceed-4513-bf02-ed2d0c85a9b6.__CR0,5,970,291_PT0_SX600_V1___.jpg,https://images-na.ssl-images-amazon.com/images/G/01/x-locale/common/grey-pixel.gif,https://m.media-amazon.com/images/S/aplus-media/sc/f7f218a8-bb3a-49d5-8a19-3b8a618c66a8.__CR0,0,970,300_PT0_SX970_V1___.jpg,https://images-na.ssl-images-amazon.com/images/G/01/x-locale/common/grey-pixel.gif,https://m.media-amazon.com/images/S/aplus-media/sc/203f7a99-365b-4345-ab2f-1132941b057d.__CR0,0,970,300_PT0_SX970_V1___.jpg,https://images-na.ssl-images-amazon.com/images/G/01/x-locale/common/grey-pixel.gif,https://m.media-amazon.com/images/S/aplus-media/sc/58b8b80d-387b-41b7-b387-c7e1089ce77d.__CR0,0,970,300_PT0_SX970_V1___.jpg,https://images-na.ssl-images-amazon.com/images/G/01/x-locale/common/grey-pixel.gif,https://m.media-amazon.com/images/S/aplus-media/sc/8a6b6f0f-25ba-4df9-997b-53154b480242.__CR0,0,970,300_PT0_SX970_V1___.jpg,https://images-na.ssl-images-amazon.com/images/G/01/x-locale/common/grey-pixel.gif,https://m.media-amazon.com/images/S/aplus-media/sc/20a98b6c-7eaa-4414-a620-1429ff91c3c7.__CR0,0,970,300_PT0_SX970_V1___.jpg",NA,NA," MOISTURIZING, NON-GREASY, TONES SKIN LOTION FOR NORMAL TO OILY SKIN: The mCaffeine Naked and Raw Coffee Body Lotion is a non-greasy lotion suitable for a quick & effective moisturization especially for normal to oily skin. With Pure Arabica Coffee at the heart, this lotion amplifies hydration for getting soft and supple skin. The lotion tones your skin as well. But that’s not all! It is perfect for daily moisturization and will perk up your mood with the zesty aroma of Coffee.  
, PURE ARABICA COFFEE RICH BODY LOTION: This unisex lotion is ideal for getting rid of dry patches. The Pure Arabica Coffee is known to have immense benefits for the skin. Coffee has antioxidants properties that enable it to fight free radicals damage. Coffee also has caffeine in it which tones the skin making it younger and healthier with a natural glow. This lotion provides easy moisturizes and can be used daily.  
, ENRICHED WITH PURE COFFEE, VITAMIN C, CAFFEINE, WHITE WATER LILY: Pure Arabica Coffee in the lotion has antioxidants that fight free radicals. Coffee is a natural source of Caffeine that tones the skin. The White Water Lily present in the lotion soothes the skin & ensures that your skin is well-hydrated. Vitamin C is a natural sun-protector and improves the overall health of the skin. It also has Shea Butter & Cocoa Butter for which makes it moisturizing and nourishing.  
, MADE WITH CARE: FDA Approved | Mineral Oil Free | Dermatologically Tested | Cruelty-Free | Use in All Seasons | Paraben Free | For All Skin Types | For Men & Women  
, HOW TO USE: Pump 3-4 dollops of lotion into your palm. Gently massage it over your body, especially the legs, arms, and dry areas. Bask in the chocolaty aroma of the lotion as it absorbs into your skin. For best results use it daily or when your skin needs moisturization.  
",NA,"https://m.media-amazon.com/images/I/31f8dT5MGcL.jpg,https://m.media-amazon.com/images/I/51pZOvIVHEL.jpg,https://m.media-amazon.com/images/I/41YsAkYJ9wL.jpg,https://m.media-amazon.com/images/I/41zqpzDnF4L.jpg,https://m.media-amazon.com/images/I/41ED9AcjyyL.jpg,https://m.media-amazon.com/images/I/41BvgGDY82L.jpg,https://m.media-amazon.com/images/I/41d7UNoXw1L.jpg",NA,4.4,"1,495 global ratings","mCaffeine Coffee Body Lotion for Winter with Vitamin C & Shea Butter | Non-Greasy Lightweight Body Moisturizer for Women & Men | Winter Body Lotion for Dry, Normal & Oily Skin (200ml)",https://www.amazon.in/dp/B07YL51LP7,NA,0,0,0,"[[{'start': 0, 'text': 'mCaffeine', 'correct': 'Caffeine', 'definition': None}]]",0,1,1,0,1,[[]],0,1,1,1,0,"[[{'start': 73, 'text': 'mCaffeine', 'correct': 'caffeine', 'definition': 'a bitter alkaloid found in coffee and tea that is responsible for their stimulating effects'}], [], [], [], [], [], [], [], [{'start': 65, 'text': 'radicals', 'correct': 'radical', 'definition': None}, {'start': 12, 'text': 'antioxidants', 'correct': 'antioxidant', 'definition': None}], [{'start': 48, 'text': 'skin making', 'correct': 'skin, making', 'definition': 'Accept comma addition'}], [], [], [], [], [], [], [{'start': 40, 'text': 'for', 'correct': 'of', 'definition': None}], [], [], [{'start': 212, 'text': 'results use', 'correct': 'results, use', 'definition': 'Accept comma addition'}, {'start': 131, 'text': 'Bask', 'correct': 'Basked', 'definition': None}]]",0,C,0,0,0,C
B07K4BFQK1,NA,"https://images-na.ssl-images-amazon.com/images/G/01/x-locale/common/grey-pixel.gif,https://m.media-amazon.com/images/S/aplus-media-library-service-media/d7eb3f1b-9e94-4da4-b634-c3a52327e595.__CR0,0,970,300_PT0_SX970_V1___.jpg,https://images-na.ssl-images-amazon.com/images/G/01/x-locale/common/grey-pixel.gif,https://m.media-amazon.com/images/S/aplus-media-library-service-media/2082e40e-7154-41a5-91a5-03fef052b6a4.__CR0,0,300,400_PT0_SX300_V1___.jpg,https://images-na.ssl-images-amazon.com/images/G/01/x-locale/common/grey-pixel.gif,https://m.media-amazon.com/images/S/aplus-media-library-service-media/bea8c32a-8e1c-4591-91b8-60cf2c53c7e1.__CR0,0,350,175_PT0_SX350_V1___.jpg,https://images-na.ssl-images-amazon.com/images/G/01/x-locale/common/grey-pixel.gif,https://m.media-amazon.com/images/S/aplus-media-library-service-media/80c5ab50-1491-41f3-861d-c2e48711a2c1.__CR0,0,300,300_PT0_SX300_V1___.png,https://images-na.ssl-images-amazon.com/images/G/01/x-locale/common/grey-pixel.gif,https://m.media-amazon.com/images/S/aplus-media-library-service-media/3289483e-0898-4e95-979d-26d66eeb2c14.__CR0,0,300,300_PT0_SX300_V1___.png,https://images-na.ssl-images-amazon.com/images/G/01/x-locale/common/grey-pixel.gif,https://m.media-amazon.com/images/S/aplus-media-library-service-media/08768f91-718f-4a1f-8fdb-c830575f3d97.__CR0,0,300,300_PT0_SX300_V1___.png,https://m.media-amazon.com/images/S/aplus-media-library-service-media/77050962-3e7b-4415-8f22-c11d73a4ee55.__CR0,0,150,300_PT0_SX150_V1___.jpg,https://m.media-amazon.com/images/S/aplus-media-library-service-media/8c8c8995-80dc-4a0f-b86a-b50dfdd50981.__CR0,0,150,300_PT0_SX150_V1___.jpg,https://m.media-amazon.com/images/S/aplus-media-library-service-media/ffba7ce7-0a3d-4f1a-81fb-25a1b31c2f26.__CR0,0,150,300_PT0_SX150_V1___.jpg,https://m.media-amazon.com/images/S/aplus-media-library-service-media/caadc819-ad79-48a8-8b58-3f7a2c32ac14.__CR0,0,150,300_PT0_SX150_V1___.jpg","Our body accumulates dead skin cells over a period of time which leads to skin issues like dullness, roughness and patchy skin. Hence, it becomes necessary to exfoliate regularly for fresh, soft & smooth skin.With Coffee at its heart, it is also effective in tan removal & cellulite reduction. Coffee Body Scrub has Coffee that exfoliates & removes tan while Coconut Oil nourishes and moisturizes. Suitable for all skin types, this Coffee-infused wonder is easy to use, hassle-free and much more effective as compared to homemade scrubs.Its perfect not just for your skin but for the environment as well.Our body sheds dead skin cells regularly and if not removed, it leads to dullness, roughness, clogged pores and patchy skin. So, it is recommended to exfoliate to keep the skin  soft & smooth.Coffee is considered as one of the best exfoliators and Coffee Body Scrub is loaded with it. With its perfectly sized particles, it gets rid of dead skin and tan effortlessly.The difference between the two is that face scrub is gentler than body scrub. Hence, we recommend you to choose a face scrub to exfoliate your face as its skin is more sensitive than the body.The Naked and Raw Coffee Body Scrub is suitable for normal to oily skin types. For dry skin, we recommend using a moisturizer after using the body scrub.",NA," REMOVES TAN & DEAD SKIN, EXFOLIATES: Treat your skin to Raw Coffee that melts on the skin to exfoliate and leave you with a refreshing feeling. The Coffee Body Scrub is great for tan removal & ingrown hair reduction. More than 97% of subjects agreed that this scrub helps in removing tan and dead skin. With an enticing Coffee aroma, a session with this Caffeinated scrub is something your skin craves after a long week.  
, REAL CAFFEINATORS, REAL RESULTS: More than 97% subjects agreed that the product helps in removing tan and dead skin and they also felt that this scrub left their skin feeling nourished. These users also saw a reduction in appearance of cellulite after the regular use of Coffee Body Scrub.  
, SUPERFOOD COFFEE AT THE CORE: For us Coffee is not just a beverage, it's the secret to healthy skin. Coffee has a plethora of benefits and we ensure you reap those when using our products. Coffee exfoliates, gets rid of dead skin, removes tan and polishes your body, to keep it fresh and healthy.  
, JUST GOOD, NOTHING BAD: Our mission is to get you addicted to good and get you off of all the bad. Coffee Body Scrub is free from harmful chemicals, SLS, Paraben, Mineral Oil and everything that can be bad for your skin.  
, SATISFY YOUR SKIN'S COFFEE CRAVINGS: Coffee is never enough and can never be. So, while exfoliating & polishing your skin with Coffee Body Scrub, if your skin craves more Coffee then you can always choose Coffee Body Polishing Oil and Coffee Body Lotion, all are equally caffeinating and ideal for both men & women.  
, Where to Use: The Coffee Body Scrub is crafted to get rid of tan and dead skin from the entire body. It is equally effective on troublesome areas such as neck, elbows, underarms, knees and feet. It is recommended to focus on these areas more while you indulge in the caffeinating session with the Coffee Body Scrub.  
, GOOD FOR YOU, GOOD FOR THE PLANET: mCaffeine is India's first caffeinated personal care brand focussed on getting you addicted to the good of coffee-infused self-care. Our products are gender-neutral and suitable for all skin & hair types making them ideal for anyone who wishes to enhance their personal care regimen. We are a Natural, PETA Certified Vegan, and Cruelty-free brand with Zero Plastic Footprint.  
",NA,"https://m.media-amazon.com/images/I/51-aLWfzBJL.jpg,https://m.media-amazon.com/images/I/81qURl39jdL.jpg,https://m.media-amazon.com/images/I/41ZaIecV8sL.jpg,https://m.media-amazon.com/images/I/51gScgeLmbL.jpg,https://m.media-amazon.com/images/I/51KpM6AqPWL.jpg,https://m.media-amazon.com/images/I/51zdwq9yc3L.jpg,https://m.media-amazon.com/images/I/51Q8Y2B2xvL.jpg",NA,4.4,"20,780 global ratings","mCaffeine Exfoliating Coffee Body Scrub for Tan Removal & Soft-Smooth Skin | For Women & Men | De-Tan Bathing Scrub with Coconut Oil, Removes Dirt & Dead Skin from Neck, Knees, Elbows & Arms - 100gm",https://www.amazon.in/dp/B07K4BFQK1,NA,0,0,0,"[[{'start': 193, 'text': '100gm', 'correct': '100 gm', 'definition': None}, {'start': 0, 'text': 'mCaffeine', 'correct': 'Caffeine', 'definition': None}]]",0,1,1,0,1,[[]],0,0,1,1,0,"[[], [], [], [], [], [], [{'start': 239, 'text': 'tan', 'correct': 'the tan', 'definition': None}], [], [], [], [], [], [{'start': 25, 'text': 'on', 'correct': 'in', 'definition': None}], [{'start': 73, 'text': 'caffeinating', 'correct': 'culminating', 'definition': 'end, especially to reach a final or climactic stage'}], [], [{'start': 139, 'text': 'of', 'correct': '', 'definition': None}, {'start': 35, 'text': 'mCaffeine', 'correct': 'caffeine', 'definition': 'a bitter alkaloid found in coffee and tea that is responsible for their stimulating effects'}], [], [], []]",0,C,0,0,0,C
B07K4CLWQR,NA,"https://images-na.ssl-images-amazon.com/images/G/01/x-locale/common/grey-pixel.gif,https://m.media-amazon.com/images/S/aplus-media-library-service-media/4d4c996e-4d6a-4d8f-869c-96fac57408e1.__CR0,0,970,300_PT0_SX970_V1___.jpg,https://images-na.ssl-images-amazon.com/images/G/01/x-locale/common/grey-pixel.gif,https://m.media-amazon.com/images/S/aplus-media-library-service-media/d53ddc17-8589-4e5b-80c2-932b30abf94c.__CR0,0,300,400_PT0_SX300_V1___.jpg,https://images-na.ssl-images-amazon.com/images/G/01/x-locale/common/grey-pixel.gif,https://m.media-amazon.com/images/S/aplus-media-library-service-media/59a72b22-48b1-4228-ae12-6f062282a5cc.__CR0,0,350,175_PT0_SX350_V1___.jpg,https://images-na.ssl-images-amazon.com/images/G/01/x-locale/common/grey-pixel.gif,https://m.media-amazon.com/images/S/aplus-media-library-service-media/439543b5-4e02-483c-81dc-b3eeead245a6.__CR0,0,970,300_PT0_SX970_V1___.jpg,https://images-na.ssl-images-amazon.com/images/G/01/x-locale/common/grey-pixel.gif,https://m.media-amazon.com/images/S/aplus-media-library-service-media/e9919fb2-34ce-4893-91f7-ed04eabf69fc.__CR0,0,300,300_PT0_SX220_V1___.png,https://images-na.ssl-images-amazon.com/images/G/01/x-locale/common/grey-pixel.gif,https://m.media-amazon.com/images/S/aplus-media-library-service-media/be5c0790-ef1d-4510-affd-cdcd0331b98f.__CR0,0,300,300_PT0_SX220_V1___.png,https://images-na.ssl-images-amazon.com/images/G/01/x-locale/common/grey-pixel.gif,https://m.media-amazon.com/images/S/aplus-media-library-service-media/b19668f0-5c1f-481e-9ddb-83f190ec59d7.__CR0,0,300,300_PT0_SX220_V1___.png,https://m.media-amazon.com/images/S/aplus-media-library-service-media/81b771d8-2c94-4333-a817-161d88ea092b.__CR0,0,150,300_PT0_SX150_V1___.jpg,https://m.media-amazon.com/images/S/aplus-media-library-service-media/e9757cbf-b70d-44d6-a2e3-01252004e0b7.__CR0,0,150,300_PT0_SX150_V1___.jpg,https://m.media-amazon.com/images/S/aplus-media-library-service-media/d72dfbd5-9f79-488b-9d96-eccd65de2777.__CR0,0,150,300_PT0_SX150_V1___.jpg","This face wash also gets rid of dirt, oil, and impurities effortlessly.and it exudes the heavenly coffee aroma. It's a gentle face wash that keeps the skin moisturized for up to 24 hours. It is suitable for all skin types and is a perfect pick for every morning. Coffee Face Wash is easy to use. Just take a small amount of the face wash on your palm and massage it on your damp face in circular motions. Once you are done, thoroughly wash the face for a fresh glow.The Coffee Face Wash is packed with natural ingredients like Coffee, Caffeine, White Water Lily, Seaweed, and Aloe Vera. Coffee deeply cleanses, fights free radicals, and leaves your skin with a fresh glow. Caffeine reduces redness, inflammation, and puffiness. White Water Lily soothes inflammation and reduces fine lines. Aloe Vera nourishes the skin and reduces dark spots. Aloe Vera together with Seaweed also hydrates the skin.Deeply cleanses & tones the skin, fights free radicals and reduces puffiness.Soothes Inflammation and reduces fine lines.Anti-inflammatory in nature, it nourishes the skin and treats dark spots.1)      How do I choose a?It’s important to choose a face wash that is gentle for everyday use and cleanses the skin thoroughly without drying it out. The mCaffeine Naked and Raw Coffee Face Wash is theto incorporate in their daily skincare routine as it is energizing and effectively sucks out excess oil, dirt, and impurities thanks to Coffee’s deep cleansing properties. Also enriched with White Water Lily, Seaweed, and Aloe Vera, the face wash is nourishing to the skin and gives a fresh glow.2)     Which is the?The mCaffeinecontains the deep cleansing benefits of Coffee that helps to purify pores and remove excess oil for fresh, clean, and oil-free skin. Gentle but effective for everyday use, the caffeine face wash further controls sebum production with the refining action of Pure Coffee.3)      Is face wash and cleanser the same?Both Face Wash and Cleanser have the same function of cleansing the skin and ridding it of impurities such as dirt, oil, and everyday skin pollutants. The mCaffeineis a deep cleaning and purifying cleanser that sucks out dirt and impurities to alleviate dullness and maintain clear skin. In addition, it also gives the skin an energizing boost due to its rich caffeine content. It's atoo.4)      Does face wash remove pimples?Cleansing your skin every day with the mCaffeine Coffee Face Wash helps to combat pimples and keeps the skin looking clear by removing dirt, oil, and pore-clogging pollutants. This is the perfect. mCaffeine face wash ingredients, such as Pure Arabica Coffee, have purifying properties that fight acne and keep the skin clean and oil-free. This also helps in preventing acne from reappearing.5)     Will the face wash moisturize my face?Yes! More than 95% of the subjects had significant improvement in skin moisturization up to 24 hours after application of the Coffee Face Wash.",NA," DEEPLY CLEANSES, REMOVES DIRT & OIL, HYDRATES SKIN: Give yourself a caffeinated kickstart for the day with Coffee Face Wash. Crafted to give you fresh & glowing skin, this face cleanser is a must-have for your skincare routine. It is suitable for all skin types, including sensitive skin. This natural face wash perks up the senses with its energizing scent of freshly ground coffee beans.  
, SUPERFOOD COFFEE & CAFFEINE AT THE CORE: You can't get enough of coffee and caffeine, nor can your skin. This powerful duo has numerous benefits for the skin and Coffee Face Wash is loaded with these superfoods. The coffee in this face wash deeply cleanses, fights free radicals, and leaves your skin with a fresh & glowing skin. Caffeine reduces redness, inflammation, and puffiness.  
, JUST GOOD, NOTHING BAD: Our mission is to get you addicted to good and get you off of all the bad. Coffee Face Wash is free from harmful chemicals, SLS, Paraben, Mineral Oil, and everything that can be bad for your skin. This Coffee Face Wash is perfect for men, women, and everyone looking for glowing skin.  
, SATISFY YOUR SKIN'S COFFEE CRAVINGS: Coffee is never enough and can never be. So, while using of the Coffee Face Wash, if your skin craves more Coffee, you should definitely try the Deep Pore Cleansing Regime. This combo is equally good and has everything you need for an energizing face care routine.  
, GOOD FOR YOU, GOOD FOR THE PLANET: mCaffeine is India's first caffeinated personal care brand focused on getting you Addicted to Good to Coffee-infused self-care. Our products are gender-neutral and suitable for all skin & hair types making them ideal for anyone who wishes to enhance their personal care regimen. We are a 100% Vegan, PETA Certified, and Cruelty-free brand with Zero Plastic Footprint.  
",NA,"https://m.media-amazon.com/images/I/31VqoPSlGuL.jpg,https://m.media-amazon.com/images/I/51+GlQWZS7L.jpg,https://m.media-amazon.com/images/I/41h-3MCuIQL.jpg,https://m.media-amazon.com/images/I/510lgPUwj7L.jpg,https://m.media-amazon.com/images/I/4190DxK1AML.jpg,https://m.media-amazon.com/images/I/51qHgNDEFLL.jpg,https://m.media-amazon.com/images/I/51Z8eH5UuoL.jpg",NA,4.2,"7,724 global ratings",mCaffeine Coffee Face Wash for Men & Women | De Tan Face Wash for Fresh & Glowing Skin | Exfoliating & Hydrating Face Cleanser for All Skin Types - 100ml,https://www.amazon.in/dp/B07K4CLWQR,NA,0,0,0,"[[{'start': 0, 'text': 'mCaffeine', 'correct': 'Caffeine', 'definition': None}]]",0,1,1,0,1,[[]],0,0,1,1,0,"[[{'start': 80, 'text': 'kickstart', 'correct': 'kick start', 'definition': None}], [{'start': 86, 'text': 'skincare', 'correct': 'skin care', 'definition': None}, {'start': 48, 'text': 'face', 'correct': 'facial', 'definition': None}], [], [{'start': 24, 'text': 'perks', 'correct': 'perk', 'definition': None}], [], [], [], [], [], [], [], [], [], [], [], [], [], [], [{'start': 35, 'text': 'mCaffeine', 'correct': 'caffeine', 'definition': 'a bitter alkaloid found in coffee and tea that is responsible for their stimulating effects'}], [], [], []]",0,C,0,0,0,C
B07YL69GCF,NA,"https://images-na.ssl-images-amazon.com/images/G/01/x-locale/common/grey-pixel.gif,https://m.media-amazon.com/images/S/aplus-media-library-service-media/5aecf302-e74c-44e0-a2d8-3c3d18c00ea8.__CR0,0,970,300_PT0_SX970_V1___.jpg,https://images-na.ssl-images-amazon.com/images/G/01/x-locale/common/grey-pixel.gif,https://m.media-amazon.com/images/S/aplus-media-library-service-media/44883e54-cbc6-4559-ab33-eaa067488b54.__CR0,0,970,300_PT0_SX970_V1___.jpg,https://images-na.ssl-images-amazon.com/images/G/01/x-locale/common/grey-pixel.gif,https://m.media-amazon.com/images/S/aplus-media-library-service-media/6e994e5f-f5b2-4008-8d02-3158fe05dd06.__CR0,0,970,300_PT0_SX970_V1___.jpg,https://images-na.ssl-images-amazon.com/images/G/01/x-locale/common/grey-pixel.gif,https://m.media-amazon.com/images/S/aplus-media-library-service-media/d8cbaae2-b5e4-44b3-bb1b-fd657409a62b.__CR0,0,970,300_PT0_SX970_V1___.jpg",NA,NA," DEEP MOISTURIZING, NON-STICKY, SOOTHING LOTION FOR DRY SKIN: The mCaffeine Naked and Rich Choco Body Lotion is a soothing moisturizer that replenishes dry skin and makes it soft. No more parched skin, roughness or dry patches as with Pure Cocoa Butter at the heart, this lotion delivers intense moisturization. The lotion also tones the skin and gives longer periods of hydration without stickiness. It is perfect for daily moisturization and the mood-lifting chocolaty aroma is an add-on.  
, PURE COCOA BUTTER RICH BODY LOTION: This Rich Choco Body Lotion has Pure Coco Butter in it that becomes essential in making your skin soft and supple. Pure & Natural Cocoa Butter heals dry, sensitive skin. It also rids the skin from dry patches. Not only this, but Cocoa Butter soothes skin dryness and roughness as well. It's light and gets absorbed easily. This unisex lotion has all the essential benefits of Coco butter to soothe and nourish your body.  
, ENRICHED WITH COCOA BUTTER, SHEA BUTTER, CAFFEINE, CARAMEL: The lotion has Pure Cocoa Butter in it, which deeply moisturizes and smoothens the skin. Adding to the skin benefits of this lotion is Caramel, which improves skin texture and enhances the suppleness of the skin. The natural Caffeine in the lotion tones the skin. The lotion also has Shea Butter in it which moisturizes and softens. Shea Butter and Cocoa Butter both are known to alleviate dryness and roughness of the skin.  
, MADE WITH CARE: FDA Approved | Mineral Oil Free | Dermatologically Tested | Cruelty-Free | Use in All Seasons | Paraben Free | For All Skin Types | For Men & Women  
, HOW TO USE: Pump 3-4 dollops of lotion into your palm. Gently massage it over your body, especially the legs, arms, and dry areas. Bask in the zesty coffee aroma of the lotion as it absorbs into your skin. For best results use it daily or when your skin needs moisturization.  
",NA,"https://m.media-amazon.com/images/I/31zA6dJDHrL.jpg,https://m.media-amazon.com/images/I/415P8ero6-L.jpg,https://m.media-amazon.com/images/I/31QjGThO-gL.jpg,https://m.media-amazon.com/images/I/41NU8i9kyWL.jpg,https://m.media-amazon.com/images/I/41kwe2I7KNL.jpg,https://m.media-amazon.com/images/I/41c5LkFE1lL.jpg,https://m.media-amazon.com/images/I/41fNkgFjXhL.jpg",NA,4.3,"1,031 global ratings",mCaffeine Deep Moisturizing Choco Body Lotion for Dry Skin | Winter Moisturizer for Body with Cocoa Butter & Shea Butter | Non-Sticky Winter Body Lotion for Women & Men (200ml),https://www.amazon.in/dp/B07YL69GCF,NA,0,0,0,"[[{'start': 0, 'text': 'mCaffeine', 'correct': 'Caffeine', 'definition': None}]]",0,1,1,0,1,[[]],0,0,1,1,0,"[[{'start': 108, 'text': 'is', 'correct': 'are', 'definition': None}, {'start': 65, 'text': 'mCaffeine', 'correct': 'caffeine', 'definition': 'a bitter alkaloid found in coffee and tea that is responsible for their stimulating effects'}], [], [], [], [], [], [], [], [], [], [], [], [], [], [], [], [], [], [], [{'start': 215, 'text': 'results use', 'correct': 'results, use', 'definition': 'Accept comma addition'}, {'start': 131, 'text': 'Bask', 'correct': 'Basked', 'definition': None}]]",0,C,0,0,0,C
B07W5Q9BMK,"2,020","https://images-na.ssl-images-amazon.com/images/G/01/x-locale/common/grey-pixel.gif,https://m.media-amazon.com/images/S/aplus-media-library-service-media/95b6b4f7-3164-46a2-ae1c-0f6547f803f6.__CR0,0,4850,1500_PT0_SX970_V1___.jpg,https://images-na.ssl-images-amazon.com/images/G/01/x-locale/common/grey-pixel.gif,https://m.media-amazon.com/images/S/aplus-media-library-service-media/64b4c86d-fb2a-4c96-9113-fc4d55165f54.__CR0,0,4850,1500_PT0_SX970_V1___.jpg,https://images-na.ssl-images-amazon.com/images/G/01/x-locale/common/grey-pixel.gif,https://m.media-amazon.com/images/S/aplus-media-library-service-media/978d6759-ad48-4c2d-b165-d36227032247.__CR0,0,4850,1500_PT0_SX970_V1___.jpg,https://images-na.ssl-images-amazon.com/images/G/01/x-locale/common/grey-pixel.gif,https://m.media-amazon.com/images/S/aplus-media-library-service-media/873a1b0f-9df0-42e7-9da3-53ec38de3f08.__CR0,0,4850,1500_PT0_SX970_V1___.jpg,https://images-na.ssl-images-amazon.com/images/G/01/x-locale/common/grey-pixel.gif,https://m.media-amazon.com/images/S/aplus-media-library-service-media/bee696fc-03ff-4aaa-9b61-52403afdc419.__CR0,0,4850,1500_PT0_SX970_V1___.jpg",NA,NA," GIFT OF MOOD-LIFTING COFFEE INDULGENCE: Celebrate every mood of your loved ones with the irresistible Coffee Mood Gift Kit. Curated with all the goodness of Coffee and a sense of care and affection, this gift kit is a perfect way to express your love and gratitude to your friends and family. It's energizing Coffee aroma will certainly perk up your favourite people's mood and their smile would perk up yours for sure.  
, PREMIUM COFFEE GIFTING, BOLD TEAL PACKAGING: The Coffee Mood Gift Kit is infused with pure Coffee. It comes with Coffee Face Wash, Coffee Face Scrub, Coffee Face Mask, Coffee Body Scrub and Perk-up Towel wrapped in teal packaging so alluring, that they would certainly want to open it up.  
, CLEANSES, EXFOLIATES, REMOVES TAN: The Coffee Mood Gift Kit sets the mood just like a freshly brewed Coffee. Curated to take skincare to the next level, this kit cleanses, exfoliates and removes tan for healthy, caffeinated and energized skin.  
, PERFECT FOR ALL OCCASIONS, GENDER-NEUTRAL GIFTING: Just like Coffee is for everyone and for every occasion, so is the Coffee Mood Gift Kit. From a family-oriented celebration to a more sophisticated occasion such as a date, this gift works it magic every single time. Designed to meet the requirements of both men and women, this gender-neutral kit is a life-saver if you are looking to gift something to your special ones.  
, MADE WITH CARE: All the products of the Coffee Mood Gift Kit are Peta Certified, Sulphate & Silicone Free, 100% Vegan, SLS Paraben Free, Dermatologically Tested, FDA Approved, Made Safe, Made In India.  
",NA,"https://m.media-amazon.com/images/I/41ZZoN7mDGL.jpg,https://m.media-amazon.com/images/I/41kqtc81oML.jpg,https://m.media-amazon.com/images/I/413H4pr2a0L.jpg,https://m.media-amazon.com/images/I/41rKs+nUDML.jpg,https://m.media-amazon.com/images/I/41MlmKUmxiL.jpg,https://m.media-amazon.com/images/I/41J7iF9XtoL.jpg,https://m.media-amazon.com/images/I/41E69niUzRL.jpg","1,599",4.6,"2,101 global ratings","mCaffeine Mood Gift Kit For Women & Men | Gift Hamper with Face Wash, Face Mask, Face Scrub & Body Scrub | Ideal for Birthday & Anniversary Gifting | Premium Packaging | Set of 4",https://www.amazon.in/dp/B07W5Q9BMK,NA,0,0,0,"[[{'start': 0, 'text': 'mCaffeine', 'correct': 'Caffeine', 'definition': None}]]",0,1,1,0,1,[[]],0,0,1,1,0,"[[], [], [{'start': 58, 'text': 'favourite', 'correct': 'favorite', 'definition': 'something regarded with special favor or liking'}], [], [], [], [], [{'start': 36, 'text': 'to', 'correct': 'of', 'definition': None}], [], [], [{'start': 33, 'text': 'of', 'correct': 'in', 'definition': None}]]",0,C,0,0,0,C
B09712J8TX,NA,"https://images-na.ssl-images-amazon.com/images/G/01/x-locale/common/grey-pixel.gif,https://m.media-amazon.com/images/S/aplus-media-library-service-media/4c8889dc-4a7b-4e1f-bf5d-188d00a30c11.__CR0,0,970,300_PT0_SX970_V1___.jpg,https://images-na.ssl-images-amazon.com/images/G/01/x-locale/common/grey-pixel.gif,https://m.media-amazon.com/images/S/aplus-media-library-service-media/59ac753b-04a2-4bc6-976d-dbebda489410.__CR0,0,970,300_PT0_SX970_V1___.jpg,https://images-na.ssl-images-amazon.com/images/G/01/x-locale/common/grey-pixel.gif,https://m.media-amazon.com/images/S/aplus-media-library-service-media/a7668415-3a8d-44c4-be14-64f183c3448b.__CR0,0,970,300_PT0_SX970_V1___.jpg,https://images-na.ssl-images-amazon.com/images/G/01/x-locale/common/grey-pixel.gif,https://m.media-amazon.com/images/S/aplus-media-library-service-media/3e96e8e7-561b-425a-afc0-d03e30309f67.__CR0,0,970,300_PT0_SX970_V1___.jpg,https://images-na.ssl-images-amazon.com/images/G/01/x-locale/common/grey-pixel.gif,https://m.media-amazon.com/images/S/aplus-media-library-service-media/7cb38978-1034-487a-8e67-b68add1b9ea7.__CR0,0,970,300_PT0_SX970_V1___.jpg,https://images-na.ssl-images-amazon.com/images/G/01/x-locale/common/grey-pixel.gif,https://m.media-amazon.com/images/S/aplus-media-library-service-media/7804aa59-6bc3-4d77-8628-542c2287d84f.__CR0,0,970,300_PT0_SX970_V1___.jpg",NA,NA," KILLS 99.9% OF ACNE-CAUSING GERMS, CONTROLS OIL, ANTI-INFLAMMATORY: Lather up with Coffee Foaming Face Wash to get rid of acne! Crafted to leave you with fresh & glowing skin, it has proven to get rid of 99.9% of acne-causing germs. It is the best face wash for oily skin and all other skin types. Its aroma of roasted coffee beans and spicy cinnamon will surely get you hooked.  
, SUPERFOOD COFFEE AT THE CORE: You can't get enough of coffee & caffeine nor can your skin. This powerful duo has numerous benefits for the skin and Coffee Foaming Face Wash is loaded with these superfoods. Coffee and Caffeine tone & soothe the skin, and reduce inflammation. This duo gives you fresh & glowing skin.  
, JUST GOOD, NOTHING BAD: Our mission is to get you addicted to good and get you off of all the bad. Coffee Foaming Face Wash is free from harmful chemicals, SLS, Paraben, Mineral Oil, and everything that can be bad for your skin.  
, SATISFY YOUR SKIN'S COFFEE CRAVINGS: Coffee is never enough and can never be. So, after using the Coffee Foaming Face Wash, if your skin craves more Coffee, you should definitely try Coffee Cleanse and Protect SPF 50 PA+++ Routine. This combo is equally good and has everything you need for a face care routine.  
, GOOD FOR YOU, GOOD FOR THE PLANET: mCaffeine is India's first caffeinated personal care brand focused on getting you Addicted to the Good. Our products are gender-neutral and suitable for all skin & hair types making them ideal for anyone who wishes to enhance their personal care regimen. We are a 100% Vegan, PETA Certified, and Cruelty-free brand with Zero Plastic Footprint.  
",NA,"https://m.media-amazon.com/images/I/41a9Sk+99GL.jpg,https://m.media-amazon.com/images/I/51huGw-CisL.jpg,https://m.media-amazon.com/images/I/41b6JWPM26L.jpg,https://m.media-amazon.com/images/I/41IrPljPSDL.jpg,https://m.media-amazon.com/images/I/51Tv3tPBcNL.jpg,https://m.media-amazon.com/images/I/31w2qXf-WEL.jpg,https://m.media-amazon.com/images/I/41ahqyNluLL.jpg",NA,4.1,"2,597 global ratings",mCaffeine Anti Acne Coffee Foaming Face Wash | Oil Control Face Wash for Fresh & Glowing Skin | Daily-Use Face Cleanser for Women & Men | Natural Face Wash for Oily Skin & Acne Prone Skin (75 ml),https://www.amazon.in/dp/B09712J8TX,NA,1,0,0,"[[{'start': 0, 'text': 'mCaffeine', 'correct': 'Caffeine', 'definition': None}]]",0,1,1,0,1,[[]],0,0,1,1,0,"[[], [], [], [], [], [], [], [], [], [], [], [], [], [], [], [{'start': 35, 'text': 'mCaffeine', 'correct': 'caffeine', 'definition': 'a bitter alkaloid found in coffee and tea that is responsible for their stimulating effects'}], [], [], []]",0,C,0,0,0,C
B08QVVYFDK,NA,"https://images-na.ssl-images-amazon.com/images/G/01/x-locale/common/grey-pixel.gif,https://m.media-amazon.com/images/S/aplus-media-library-service-media/963bfd7f-1095-4af4-9f09-c1dba9f9991e.__CR0,0,970,300_PT0_SX970_V1___.jpg,https://images-na.ssl-images-amazon.com/images/G/01/x-locale/common/grey-pixel.gif,https://m.media-amazon.com/images/S/aplus-media-library-service-media/17a09b59-5e2d-4246-a9fd-f8f96f20a017.__CR0,0,970,300_PT0_SX970_V1___.jpg,https://images-na.ssl-images-amazon.com/images/G/01/x-locale/common/grey-pixel.gif,https://m.media-amazon.com/images/S/aplus-media-library-service-media/2a17e845-3b26-4d4b-946a-a31bc00cecf8.__CR0,0,970,300_PT0_SX970_V1___.jpg,https://images-na.ssl-images-amazon.com/images/G/01/x-locale/common/grey-pixel.gif,https://m.media-amazon.com/images/S/aplus-media-library-service-media/65c5ced0-4796-439f-a366-b1884bc560cb.__CR0,0,970,300_PT0_SX970_V1___.jpg,https://images-na.ssl-images-amazon.com/images/G/01/x-locale/common/grey-pixel.gif,https://m.media-amazon.com/images/S/aplus-media-library-service-media/4460d32d-8cc6-4b70-b98c-6fe2d4e08df0.__CR0,0,970,300_PT0_SX970_V1___.jpg",NA,NA," DEEPLY CLEANSES, SKIN-FRIENDLY PH 5.5, NOURISHES: Experience Coffee rush every morning with a shot of Espresso. Packed with energizing Coffee and Pure Coffee Oil, the Espresso Coffee Bathing Bar is a bean-shaped wonder your skin craves everyday. The crisp notes of Espresso awakens your senses while you enjoy the frothy experience.  
, SUPERFOOD COFFEE AT THE CORE: For us Coffee is not just a beverage, it's the secret to healthy skin. Coffee has a plethora of benefits and we ensure you reap those while using our products. Coffee deeply cleanses and energizes the skin.  
, JUST GOOD, NOTHING BAD: Our mission is to get you addicted to good and get you off of all the bad. Espresso Bathing Bar has a skin friendly pH and is Sulphate Free. It is free from harmful chemicals, SLS, Paraben, Mineral Oil and everything that can be bad for your skin.  
, SATISFY YOUR SKIN'S CRAVINGS FOR GOOD: Nothing good is ever enough and you and your skin deserve more of it. So, while you indulge in the moisturizing Espresso Bathing Bar, you can also try the Coffee Body Lotion and Cocoa Body Butter. All are as good as the Espresso Bathing Bar.  
, GOOD FOR YOU, GOOD FOR THE PLANET: mCaffeine is India's first caffeinated personal care brand focussed on getting you addicted to the good of coffee-infused self-care. Our products are gender-neutral and suitable for all skin & hair types making them ideal for anyone who wishes to enhance their personal care regimen. We are a 100% Vegan, PETA Certified, and Cruelty-free brand with Zero Plastic Footprint.  
",NA,"https://m.media-amazon.com/images/I/411w3gK4eqL.jpg,https://m.media-amazon.com/images/I/51NfREKP5IL.jpg,https://m.media-amazon.com/images/I/41WaTHX4ErL.jpg,https://m.media-amazon.com/images/I/31e9T6JcEmL.jpg,https://m.media-amazon.com/images/I/41-3HmiBr2L.jpg,https://m.media-amazon.com/images/I/41I2zK57n2L.jpg,https://m.media-amazon.com/images/I/41qw6Myjp2L.jpg",NA,4.3,922 global ratings,mCaffeine Espresso Bathing Bar (100gm) for Deep Cleansing and Toning | pH 5.5 Skin Friendly Soap with Coffee and Vitamin E | 100% Vegan Daily-Use Bathing Bar,https://www.amazon.in/dp/B08QVVYFDK,NA,0,0,0,"[[{'start': 32, 'text': '100gm', 'correct': '100 gm', 'definition': None}, {'start': 0, 'text': 'mCaffeine', 'correct': 'Caffeine', 'definition': None}]]",0,1,1,0,1,[[]],0,0,1,1,0,"[[{'start': 33, 'text': ' ,', 'correct': ',', 'definition': 'Accept space'}], [], [], [], [], [{'start': 150, 'text': 'Sulphate', 'correct': 'Sulfate', 'definition': None}], [], [{'start': 139, 'text': 'of', 'correct': '', 'definition': None}, {'start': 35, 'text': 'mCaffeine', 'correct': 'caffeine', 'definition': 'a bitter alkaloid found in coffee and tea that is responsible for their stimulating effects'}], [], [], []]",0,C,0,0,0,C
B07NWXRTKZ,"1,445","https://images-na.ssl-images-amazon.com/images/G/01/x-locale/common/grey-pixel.gif,https://m.media-amazon.com/images/S/aplus-media-library-service-media/940fd486-524e-44b5-8467-48dcb0c72fda.__CR0,0,4850,1500_PT0_SX970_V1___.jpg,https://images-na.ssl-images-amazon.com/images/G/01/x-locale/common/grey-pixel.gif,https://m.media-amazon.com/images/S/aplus-media-library-service-media/0687a478-bfb7-49b7-b38c-212b47e11078.__CR0,0,4850,1500_PT0_SX970_V1___.jpg,https://images-na.ssl-images-amazon.com/images/G/01/x-locale/common/grey-pixel.gif,https://m.media-amazon.com/images/S/aplus-media-library-service-media/8b10f396-9356-4a84-8b9c-3c3f86241ec5.__CR0,0,4850,1500_PT0_SX970_V1___.jpg,https://images-na.ssl-images-amazon.com/images/G/01/x-locale/common/grey-pixel.gif,https://m.media-amazon.com/images/S/aplus-media-library-service-media/ec7ce3d4-4efc-47b8-833a-e033b3ef82b8.__CR0,0,4850,1500_PT0_SX970_V1___.jpg,https://images-na.ssl-images-amazon.com/images/G/01/x-locale/common/grey-pixel.gif,https://m.media-amazon.com/images/S/aplus-media-library-service-media/ef83b3e6-bd8a-43bf-83ce-25cdbc1d4375.__CR0,0,4850,1500_PT0_SX970_V1___.jpg",NA,NA," GIFTING TO CELEBRATE EVERY MOMENT: Make every moment special for your loved ones with the Coffee Moment Gift Kit. Crafted to turn self-care into a moment to enjoy, embrace and have fun, the Coffee Moment Gift Kit is all you need to give your loved ones a little boost of love. With a heavenly Coffee aroma to caffeinate the experience, this kit a complete package.  
, PREMIUM COFFEE GIFTING, BOLD TEAL PACKAGING: Infused with Pure Coffee, the Coffee Moment Gift Kit comes with Coffee Face Wash, Coffee Face Scrub, Coffee Body Scrub, Wooden Scoop and a Perk-up Towel. Bold teal packaging of this caffeinated gift kit gives the feeling of grand unveiling when you open it up.  
, CLEANSE, EXFOLIATE, NOURISH: With the goodness of Pure Arabica Coffee, the Coffee Moment Gift Kit takes care of the necessary part of a perfect skincare regime. It cleanses, exfoliates and nourishes to keep the skin clear, fresh, soft and supple.  
, PERFECT FOR ALL OCCASIONS, GENDER-NEUTRAL GIFTING: Don't wait for an occasion make your loved ones feel special. With all-occasion Coffee Moment Gift Kit, you can gift your friends and family a reason to live and enjoy each moment. Ideal to suit the needs of people from all genders, this gift is for everyone.  
, MADE WITH CARE: All the products of the Coffee Mood Gift Kit are Peta Certified, Sulphate & Silicone Free, 100% Vegan, SLS Paraben Free, Dermatologically Tested, FDA Approved, Made Safe, Made In India.  
",NA,"https://m.media-amazon.com/images/I/4138TqtLHPL.jpg,https://m.media-amazon.com/images/I/51d6WMzNcML.jpg,https://m.media-amazon.com/images/I/41kqtc81oML.jpg,https://m.media-amazon.com/images/I/41w41BLylWL.jpg,https://m.media-amazon.com/images/I/41rKs+nUDML.jpg,https://m.media-amazon.com/images/I/41MlmKUmxiL.jpg,https://m.media-amazon.com/images/I/41gA0c5ODPL.jpg","1,149",4.5,"1,970 global ratings","mCaffeine Moment Gift Set for Men & Women | Premium Luxury Gift Box with Face Wash, Face Scrub & Body Scrub | For All Ages & Skin Types | Best Gift For Birthday & Anniversary | Pack of 5",https://www.amazon.in/dp/B07NWXRTKZ,NA,0,0,0,"[[{'start': 0, 'text': 'mCaffeine', 'correct': 'MCaffeine', 'definition': None}]]",0,1,1,0,1,[[]],0,0,1,1,0,"[[], [], [], [], [], [{'start': 1, 'text': 'Bold teal packaging', 'correct': 'The bold teal packaging', 'definition': None}], [], [], [], [], [], [], [{'start': 33, 'text': 'of', 'correct': 'in', 'definition': None}]]",0,C,0,0,0,C
B07W7QQX4L,"1,193","https://images-na.ssl-images-amazon.com/images/G/01/x-locale/common/grey-pixel.gif,https://m.media-amazon.com/images/S/aplus-media/sc/efbaf609-f33d-4d71-9cbb-1a07474a1f7c.__CR0,0,970,300_PT0_SX970_V1___.jpg,https://images-na.ssl-images-amazon.com/images/G/01/x-locale/common/grey-pixel.gif,https://m.media-amazon.com/images/S/aplus-media/sc/f9c6ab0a-7117-40b6-8c1b-a5e24f791e00.__CR0,0,970,300_PT0_SX970_V1___.jpg,https://images-na.ssl-images-amazon.com/images/G/01/x-locale/common/grey-pixel.gif,https://m.media-amazon.com/images/S/aplus-media/sc/8e39d1c6-53a9-4ac1-ba70-2be9b7b52aa4.__CR0,0,970,300_PT0_SX970_V1___.jpg,https://images-na.ssl-images-amazon.com/images/G/01/x-locale/common/grey-pixel.gif,https://m.media-amazon.com/images/S/aplus-media/sc/cd11dda5-c3da-46e8-a4a0-6f88b30c7b9c.__CR0,0,970,300_PT0_SX970_V1___.jpg,https://images-na.ssl-images-amazon.com/images/G/01/x-locale/common/grey-pixel.gif,https://m.media-amazon.com/images/S/aplus-media/sc/8d4936d6-f6d2-469d-b316-1a223e51e72f.__CR0,0,970,300_PT0_SX970_V1___.jpg,https://images-na.ssl-images-amazon.com/images/G/01/x-locale/common/grey-pixel.gif,https://m.media-amazon.com/images/S/aplus-media/sc/a3365a12-a7c7-4a54-8409-ce935c669545.__CR0,0,970,300_PT0_SX970_V1___.jpg,https://images-na.ssl-images-amazon.com/images/G/01/x-locale/common/grey-pixel.gif,https://m.media-amazon.com/images/S/aplus-media/sc/6b7eee04-4de2-4177-8098-5340d98ff61f.__CR0,0,970,300_PT0_SX970_V1___.jpg",NA,NA," CLASSY GIFTING FOR AN AMAZING DATE: Spice things up on your extraordinary date night with energizing Coffee and chocolaty indulgence of the Be Date Ready Gift Kit. Curated to help you get straight into the heart of your date, this gift kit exudes a zesty aroma that would set you up for a great date.  
, PREMIUM COFFEE-CHOCO GIFTING, BOLD TEAL PACKAGING: India's most loved Coffee Body Scrub, ultra-moisturizing Choco Body Butter and a Wooden Scoop with a zesty aroma packed in a bold teal packaging has all the makings of a perfect gift on a date. Isn't it?  
, EXFOLIATES, REMOVES TAN, MOISTURIZES: Nothing can bring a smile on your someone's face than Chocolate and Coffee and this Gift Kit has both in abundance. Packed with Pure Arabica Coffee and Cocoa Butter, Be Date Ready Gift Kit exfoliates, moisturizes and removes tan to get your loved ones the skin they desire.  
, PERFECT FOR YOUR DATE & OTHER OCCASIONS, GENDER-NEUTRAL GIFTING: Make your usual date-night an occasion to get nostalgic about with a gift that expresses your feelings on your behalf. With Coffee to show your perky side and choco to show your tender personality, Be Date Ready Gift Kit can be the perfect partner on your date. It's gender-neutral gift kit designed for everyone.  
, MADE WITH CARE: All the products of the Be Date Ready Gift Kit are Peta Certified, Sulphate & Silicone Free, 100% Vegan, SLS Paraben Free, Dermatologically Tested, FDA Approved, Made Safe, Made In India.  
",NA,"https://m.media-amazon.com/images/I/41D2Oh--QBL.jpg,https://m.media-amazon.com/images/I/41kqtc81oML.jpg,https://m.media-amazon.com/images/I/41NNGiCjtcL.jpg,https://m.media-amazon.com/images/I/41rKs+nUDML.jpg,https://m.media-amazon.com/images/I/41MlmKUmxiL.jpg,https://m.media-amazon.com/images/I/41gA0c5ODPL.jpg,https://m.media-amazon.com/images/I/31GKsNg7NOL.jpg",949,4.5,725 global ratings,"mCaffeine Be Date Ready Body Polishing Gift Kit | With Body Scrub, Body Butter & Brew Scoop in Premium Packaging | Suitable for All Skin Types",https://www.amazon.in/dp/B07W7QQX4L,NA,0,0,0,"[[{'start': 0, 'text': 'mCaffeine', 'correct': 'Caffeine', 'definition': None}]]",0,1,1,0,1,[[]],0,0,1,1,0,"[[], [], [], [], [], [], [{'start': 41, 'text': 'choco', 'correct': 'Choco', 'definition': None}], [], [], []]",0,C,0,0,0,C
B082DH3M9T,NA,"https://images-na.ssl-images-amazon.com/images/G/01/x-locale/common/grey-pixel.gif,https://m.media-amazon.com/images/S/aplus-media/sc/f5cbd281-aa98-4388-94b7-6eb58ad0b3d3.__CR0,5,970,291_PT0_SX600_V1___.jpg,https://images-na.ssl-images-amazon.com/images/G/01/x-locale/common/grey-pixel.gif,https://m.media-amazon.com/images/S/aplus-media/sc/a1370a51-2ac9-4a00-a0b1-5585fb531ca3.__CR0,0,970,300_PT0_SX970_V1___.jpg,https://images-na.ssl-images-amazon.com/images/G/01/x-locale/common/grey-pixel.gif,https://m.media-amazon.com/images/S/aplus-media/sc/1392dedd-a012-450a-9a30-bcb763ced711.__CR0,0,970,300_PT0_SX970_V1___.jpg,https://images-na.ssl-images-amazon.com/images/G/01/x-locale/common/grey-pixel.gif,https://m.media-amazon.com/images/S/aplus-media/sc/2d54cbf7-c80e-4803-b72b-54f1a4898292.__CR0,0,970,300_PT0_SX970_V1___.jpg,https://images-na.ssl-images-amazon.com/images/G/01/x-locale/common/grey-pixel.gif,https://m.media-amazon.com/images/S/aplus-media/sc/4d96f0d8-be84-4f09-a267-f028c457eacd.__CR0,0,970,300_PT0_SX970_V1___.jpg,https://images-na.ssl-images-amazon.com/images/G/01/x-locale/common/grey-pixel.gif,https://m.media-amazon.com/images/S/aplus-media/sc/f0965cae-50df-483f-8696-3c4998993afa.__CR0,0,970,300_PT0_SX970_V1___.jpg",NA,NA," ANTIOXIDANT-RICH, SUN PROTECTION, HYDRATION: 100% of the subjects had significant improvement in skin hydration up to 72 hours after the application of Coffee Face Serum. Infused with Pure Arabica Coffee, this antioxidant-rich serum, also provides sun protection. It is a lightweight solution that absorbs quickly into the skin and keeps it hydrated for a long time. It's heavenly Coffee aroma makes it even more irresistible.  
, INFUSED WITH CAFFEINE: An elixir for the skin, the Coffee Face Serum is infused with Caffeine. Considered a superfood for the skin, Caffeine present in the serum is rich in antioxidants and tones the skin. Suitable for all skin types, this serum is crafted to provide much-needed hydration to your skin and make it plump.  
, NURTURING INGREDIENTS, GENDER NEUTRAL: The Naked & Raw Coffee Face Serum is enriched with skin-nurturing ingredients such as Vitamin E, White Water Lily and Hyaluronic Acid. Essential for healthy skin, Vitamin E also provides sun protection. White Water Lily eases hyperpigmentation and soothes the skin. Hyaluronic Acid hydrates and conditions the skin. The Coffee Face Serum is gender-neutral which makes it a must-have product for everyone looking for nourished and hydrated skin.  
, MADE WITH CARE: The Naked & Raw Coffee Face Serum is Paraben & SLS Free, PETA Certified Cruelty Free & 100% Vegan. Made Safe, Made In India, Dermatologically Tested & FDA Approved.  
, HOW TO USE: Take a pea-sized amount of the Coffee Face Serum on your fingertips. Gently dab the serum all over your face. Massage the serum onto your face and neck in an upward motion. For best results, make it a part of your daily skin regimen  
",NA,"https://m.media-amazon.com/images/I/41QSUU8XczL.jpg,https://m.media-amazon.com/images/I/51EB21vpGRL.jpg,https://m.media-amazon.com/images/I/41-gcK2MiEL.jpg,https://m.media-amazon.com/images/I/41AzRA5tH+L.jpg,https://m.media-amazon.com/images/I/41LnO7hFqvL.jpg,https://m.media-amazon.com/images/I/417S0J98vhL.jpg,https://m.media-amazon.com/images/I/41jvCmX6ttL.jpg",NA,4.1,"4,448 global ratings","Mcaffeine Coffee Hydrating Face Serum For Glowing Skin, Reduces Dark Spots, Pigmentation & Protects From Sun Damage For Unisex, 40ml",https://www.amazon.in/dp/B082DH3M9T,NA,0,1,0,"[[{'start': 0, 'text': 'Mcaffeine', 'correct': 'Caffeine', 'definition': None}]]",0,1,1,0,1,[[]],0,0,1,1,0,"[[], [], [], [], [], [], [], [], [], [], [], [], [], [{'start': 97, 'text': 'for', 'correct': '', 'definition': None}], [], [], []]",0,C,0,0,1,C
B08X7D5TQZ,NA,"https://images-na.ssl-images-amazon.com/images/G/01/x-locale/common/grey-pixel.gif,https://m.media-amazon.com/images/S/aplus-media-library-service-media/27a59765-059f-4c90-b484-f0e4cd00b04e.__CR0,0,970,300_PT0_SX970_V1___.jpg,https://images-na.ssl-images-amazon.com/images/G/01/x-locale/common/grey-pixel.gif,https://m.media-amazon.com/images/S/aplus-media-library-service-media/d96ba773-f86b-4211-9d25-18feeb9833bf.__CR0,0,600,800_PT0_SX300_V1___.jpg,https://images-na.ssl-images-amazon.com/images/G/01/x-locale/common/grey-pixel.gif,https://m.media-amazon.com/images/S/aplus-media-library-service-media/74fa1921-0eab-4092-a95e-0ce7c7bcee98.__CR0,0,700,350_PT0_SX350_V1___.jpg,https://images-na.ssl-images-amazon.com/images/G/01/x-locale/common/grey-pixel.gif,https://m.media-amazon.com/images/S/aplus-media-library-service-media/36f1f162-28bd-4adc-baac-fccd9f61f19d.__CR0,0,600,600_PT0_SX300_V1___.png,https://images-na.ssl-images-amazon.com/images/G/01/x-locale/common/grey-pixel.gif,https://m.media-amazon.com/images/S/aplus-media-library-service-media/0d13e333-fa66-4378-a16d-07a7fe7f84cb.__CR0,0,600,600_PT0_SX300_V1___.png,https://images-na.ssl-images-amazon.com/images/G/01/x-locale/common/grey-pixel.gif,https://m.media-amazon.com/images/S/aplus-media-library-service-media/486627f6-c12b-468c-855f-45f4f0a07998.__CR0,0,600,600_PT0_SX300_V1___.png,https://images-na.ssl-images-amazon.com/images/G/01/x-locale/common/grey-pixel.gif,https://m.media-amazon.com/images/S/aplus-media-library-service-media/9edcd28a-c729-4475-93dc-3ee8cdc5ccf6.__CR18,0,1164,360_PT0_SX970_V1___.jpg,https://m.media-amazon.com/images/S/aplus-media-library-service-media/1e369552-bfcd-4f74-8032-8aa29cfaa1af.__CR0,0,300,600_PT0_SX150_V1___.jpg,https://m.media-amazon.com/images/S/aplus-media-library-service-media/82ac7b64-ccf8-41b1-b3c6-79308c59e5c5.__CR0,0,300,600_PT0_SX150_V1___.jpg,https://m.media-amazon.com/images/S/aplus-media-library-service-media/1f86a24d-406e-435e-ab3a-490188517a82.__CR0,0,300,600_PT0_SX150_V1___.jpg,https://m.media-amazon.com/images/S/aplus-media-library-service-media/fb328115-8de5-49b0-b34b-b5d2db846c7c.__CR0,0,300,600_PT0_SX150_V1___.jpg","Just like the skin, our scalp also sheds dead skin. It accumulates dirt & buildup over a period of time that clogs the pores, affecting hair growth and making the scalp prone to dandruff. So, it becomes necessary to exfoliate the scalpto clear the dead skin & dandruff to prevent anCoffee, known to be one of the best exfoliators, is great forIt is gentle on the scalp & its particles cleanse the scalp, effortlessly. It also strengthens the hair & promotes hair growth. Coffee Scalp Scrub is ideal forand. Along with Coffee, thisalso has Natural AHA for exfoliation &, Caffeine for roots stimulation and Rosemary for soothing & healing the inflamed scalp.Coffee Scalp Scrub is loaded with Coffee & Natural AHA, both of which are known to control dandruff and exfoliate the scalp. They scrub off the buildup & dead skin, leaving your scalp clean & fresh.You don't need a scrubber to get rid of dead skin & buildup from your scalp. The Coffee Scalp Scrub has perfectly-sized Coffee particles that effortlessly exfoliate the scalp, leaving it fresh & clean.mCaffeine's Coffee Scalp Scrub has been crafted for every scalp & hair type.In the dry scalp, the skin gets irritated and flakes off, while dandruff occurs when there’s too much oil on the scalp. However, both result in an itchy scalp with whitish flakes. A few common causes of dandruff are oily skin, not shampooing enough, or even excess humidity in the air.",NA," 99% DANDRUFF REMOVAL, EXFOLIATION, ROOT STIMULATION: A haircare session that feels like a Coffee break. Packed with Pure Arabica Coffee and Natural AHA, Coffee Scalp Scrub has perfectly sized Coffee particles that exfoliate effortlessly and reduce flakes to treat your itchy scalp at home. This anti-dandruff scrub exudes the aroma of freshly brewed Coffee to amp up your showering experience.  
, SUPERFOOD COFFEE AT THE CORE: For us Coffee is not just a beverage, it's the secret of healthy hair. Coffee has a plethora of benefits and we ensure you reap those while using our products. Coffee powder is a natural exfoliator and helps to get rid of dandruff from normal, dry to oily scalp type.  
, JUST GOOD, NOTHING BAD: Our mission is to get you addicted to good and get you off of all the bad. Coffee Scalp Scrub is free from harmful chemicals, SLS, Paraben, Mineral Oil and everything that can be bad for your hair.  
, SATISFY YOUR HAIR'S COFFEE CRAVINGS: Coffee is never enough and can never be. So, while using this Caffeinated scalp exfoliator, if your hair craves more Coffee then you can always choose Coffee Shampoo and Coffee Conditioner, all are equally caffeinating & indulging.  
, GOOD FOR YOU, GOOD FOR THE PLANET: mCaffeine is India's first caffeinated personal care brand focussed on getting you addicted to the good of coffee-infused self-care. Our products are gender-neutral and suitable for all skin & hair types making them ideal for anyone who wishes to enhance their personal care regimen. We are a Natural, PETA Certified Vegan, and Cruelty-free brand with Zero Plastic Footprint.  
",NA,"https://m.media-amazon.com/images/I/41loHExhaoL.jpg,https://m.media-amazon.com/images/I/51+DGzKpWIL.jpg,https://m.media-amazon.com/images/I/41xGrFuL4lL.jpg,https://m.media-amazon.com/images/I/51UaeFje1+L.jpg,https://m.media-amazon.com/images/I/518qGJXRu-L.jpg,https://m.media-amazon.com/images/I/510GLSM1PFL.jpg,https://m.media-amazon.com/images/I/41fnGyIB32L.jpg",NA,4.2,"1,600 global ratings","mCaffeine Anti Dandruff Coffee Scalp Scrub - 99% Dandruff Control Treatment for Men & Women | Exfoliates, Reduces Flakes & Scalp Itchiness | For All Scalp Types; Sulfate & Paraben Free - 250gm",https://www.amazon.in/dp/B08X7D5TQZ,NA,0,0,0,"[[{'start': 187, 'text': '250gm', 'correct': '250 gm', 'definition': None}, {'start': 0, 'text': 'mCaffeine', 'correct': 'Caffeine', 'definition': None}]]",0,1,1,0,1,[[]],0,0,1,1,0,"[[], [{'start': 145, 'text': 'flakes', 'correct': 'flaking', 'definition': None}], [], [], [{'start': 217, 'text': 'exfoliator', 'correct': 'Exfoliator', 'definition': None}], [], [{'start': 188, 'text': 'Coffee Shampoo', 'correct': 'Coffee, Shampoo', 'definition': 'Accept comma addition'}, {'start': 117, 'text': 'exfoliator', 'correct': 'Exfoliator', 'definition': None}], [{'start': 139, 'text': 'of', 'correct': '', 'definition': None}, {'start': 35, 'text': 'mCaffeine', 'correct': 'caffeine', 'definition': 'a bitter alkaloid found in coffee and tea that is responsible for their stimulating effects'}], [], [], []]",0,C,0,0,0,C
